,address,nodes,tokens,llm4tg
0,1122NYbAT2KkZDZ5TFvGy4D2Ut7eYfx4en.graphml,148,34837,7187
1,1164VJYmR8nP8z1NSPHqQreVWCMq2QdqUJ.graphml,171,40602,8213
2,11NT1KhH3aXsRw4LS6PFFrT5fRkdZFmne.graphml,488,113053,23494
3,12a6a1DtbpgsBr5q5YCNXqntpuf2NVK48A.graphml,1332,310220,62368
4,12cUWYn6P23jC5Ld2FusNLvySLQPrYhSJD.graphml,10,2656,502
5,12GAw5DayGgE3RNPf98DMg1c6QXGgUfssB.graphml,75,18011,3652
6,12GLdZEnectaZamoH8RC8U72kjyp6dWbNM.graphml,652,154866,31520
7,12grkTfkHXH2qsRzGWGGKSKyrbHwLXykfP.graphml,229,57329,11212
8,12GxgzHjKWabcNbHzL3MoYmPmB4bfvxEZg.graphml,8,2342,432
9,12VS3Tse8VCWm9E6LNZGxnDy4arFQnPmsz.graphml,1747,408355,84351
10,12WghuRH7b8K7mcJvxCzWQjW7RVEAC7qgx.graphml,9,2496,465
11,12YfqqLP4qAeENmnuW7sB8oC8T6TFLawE5.graphml,51,12349,2512
12,13DaGsSqXkxBuavv94CM5B3N93aqX9Ww6Y.graphml,12,3241,560
13,13ddG6oAHqTGhF6Shmh5HLnnabyMooudsX.graphml,730,170335,35035
14,13JyWXNJoiYux8W2WCvQTv8byJ8Hxe9yPK.graphml,21,5172,1007
15,33PP8bWg5aBLrqTnVvjTVnn5zBZaMg3vZ7.graphml,125,29610,6068
16,33x5kkTW6zywpPxgkiicLG5LPARv7PBf8b.graphml,1188,276044,57097
17,34E9iH4xU9LrGk8QYbE5vwPsi9K9wAnciM.graphml,466,107479,22269
18,34eEm1y9qUW42Z3Z6Y5hGMsW6TebReN9Lt.graphml,1806,420921,87153
19,34EWZnjWmBR7AZTtbpULuHUCUjt4WAHTjx.graphml,1845,429500,89183
20,34sy12q8rXxSZphNTKVE53m1Nu3CVgNQh6.graphml,385,88489,18349
21,35A5LSNzKKJPfdT9BeTtWXRWUaZxEY28jx.graphml,2307,538302,111843
22,35PLaPC7pJPGd74QxNgiJ7pmYTPybSzjT8.graphml,2529,590941,122458
23,35QtPzbGrrcV2JoCn57tN2TZgHcHtMiLEL.graphml,1112,257514,53283
24,bc1q55s7n9c32tvqrj895xu5lpnjy3r3a6wakg6uph.graphml,47,11448,2253
25,bc1q95zg4y65mxjtal67z4u3kmpay0p9ft9khqqk8g.graphml,599,144486,28859
26,bc1qcv5jxxd6nc2rv46gmledz855rjdxadg5e6vz8c.graphml,35,8743,1696
27,bc1qf4dnpsevrk0xruf4jhqkpaxgpnp5qv9q2qkuj2.graphml,12,3087,580
28,bc1qjpr3gwuz8ghamqerujlh5cqawfakxkfgy7aq2g.graphml,28,6981,1375
29,bc1qjzm5g408stvqp39a5zarefew73gzsjk5yksd3k.graphml,59,14203,2794
30,bc1ql27sfv5eeccf8emjvc9qvls26433fl5awwjul4.graphml,169,40251,8169
31,bc1qm5w382zdg0zvvyl7tccntm46mtadp6r3nwqfuw.graphml,2311,569936,113451
32,bc1qmf8mcdtq0x70rrgzl95ygs6z6ltqthqwp5klu9.graphml,6,1836,331
33,bc1qqjy8ernvaxz88nzvfqrzn9f9s2huz0dqlpqns3.graphml,669,155714,32174
34,bc1qqt0uz2kd8a80qju07k3k74nqfmzxuwj49ukcyq.graphml,162,39171,7821
35,bc1qqxf0rxke0gg4ngn5u7e5aw0p5d45z4k297j4zp.graphml,19,4721,924
36,bc1qrkhp50tu5x30k7hndkedgv45tdcphfwkm50925.graphml,987,264044,48974
37,bc1qt264dhaa06sup6wu5qehm0c9t8vpcawwjg65fv.graphml,1555,425171,76405
38,321X5RXmLNpKDF7LYPNPD6ModdPRupKJ9H.graphml,598,139000,25918
39,114XMakEEMnhCtBH48F3hm5PY9E9WpQURt.graphml,2120,494977,94115
40,115jPaqUqef4nVZ76bUKVnJ7dnWHs6tcNJ.graphml,1986,463735,87920
41,11TnFCrDxQ9YQkWgrcb4hWYo2igLEh8GC.graphml,1648,377971,69716
42,11WWBY322tkGaDbhDzVDRewFhpdfHDoMp.graphml,69,16285,3060
43,121sPsEX3QYVhgydpLQP7uv1zRUy5Z13hR.graphml,49,11817,2200
44,122U7XN8n4K7uDoi9Fk4TByutAuNr4vBxp.graphml,156,36328,6854
45,122xuaAKMHg7qQ9Guz1z3yea4aevLjdCtT.graphml,2402,556343,105582
46,123gMx3WHncyuUChBm5CDqwsCCRZ3SKjup.graphml,1331,307314,56850
47,123YUvzxNt6VoqyCXgutGHfgWKCMzT4dDJ.graphml,2067,475733,89921
48,125Nm1xrEzKU6zRHcGN7PbtpHhkc6gVzvT.graphml,1028,235679,43955
49,125WP4yG484KXqi2SWLGpm8spizYF6n2Be.graphml,1565,361238,68494
50,125xysKVzBXPKvfEupYmUaUdcFg5eJAKoh.graphml,2467,569061,106642
51,126ENznymQPNaNtSbzcymchUAY9CULjGws.graphml,1943,448778,83329
52,126QW7Ye3UTdJDHCQBatb7aRqzHnMuaCxT.graphml,440,101737,19120
53,127C96fiw4uYgo4oEZNCHg3EVyNcZbR4ZC.graphml,181,42209,7859
54,1A88teD6QqXRHBMCyCkoxxBQHpJAztUz6e.graphml,14,3560,675
55,1AQp51H22WHDzLgK64NoUo3Bg3T183QR22.graphml,1791,422664,87173
56,15aZN6HEJpxoYNJvDeRNyVkUXnMk4fJsja.graphml,7,2041,372
57,1GRUa7sHQ19hqs3feHMy1KQoSqoQXnXSdC.graphml,2597,617632,127107
